Current Loan Amount,Credit Score,Annual Income,Years in current job,Purpose,Monthly Debt,Years of Credit History,Months since last delinquent,Number of Open Accounts,Number of Credit Problems,Current Credit Balance,Maximum Open Credit,Bankruptcies,Tax Liens,Loan Given
218834.0,742.0,1077262.0,3,0,19390.64,24.5,29.0,37.0,0.0,212800.0,502876.0,0.0,0.0,True
108152.0,705.0,747156.0,4,1,20235.38,19.9,15.0,14.0,0.0,174344.0,348062.0,0.0,0.0,False
211156.0,717.0,1177848.0,5,0,14173.24,18.7,78.0,7.0,0.0,276754.0,494538.0,0.0,0.0,True
120736.0,725.0,1137606.0,0,2,6598.13,16.3,5.0,14.0,0.0,144704.0,504680.0,0.0,0.0,True
359700.0,713.0,1941610.0,10,0,26697.09,22.2,72.0,9.0,0.0,539030.0,762058.0,0.0,0.0,True
782254.0,634.0,3223445.0,10,1,24740.09,15.1,65.0,10.0,1.0,44327.0,255310.0,1.0,0.0,False
21670.0,713.0,805068.0,10,0,7782.4,17.4,36.0,21.0,0.0,87799.0,612370.0,0.0,0.0,True
431640.0,722.0,2329875.0,4,0,21551.32,22.6,55.0,12.0,0.0,238621.0,325820.0,0.0,0.0,False
340186.0,652.0,1700424.0,10,0,20688.53,31.5,33.0,9.0,0.0,193971.0,271260.0,0.0,0.0,True
445852.0,745.0,1867510.0,1,0,35949.52,10.1,40.0,13.0,0.0,205770.0,505868.0,0.0,0.0,True
377740.0,652.0,1039338.0,7,1,16196.36,17.7,77.0,9.0,0.0,248007.0,483428.0,0.0,0.0,False
221782.0,732.0,2777325.0,10,0,31013.51,22.0,3.0,10.0,0.0,198493.0,314842.0,0.0,0.0,False
145684.0,693.0,813010.0,4,3,25135.29,14.1,52.0,16.0,1.0,75050.0,297594.0,0.0,0.0,True
646272.0,710.0,2232576.0,5,0,26046.72,17.7,26.0,16.0,0.0,361285.0,712668.0,0.0,0.0,True
713152.0,617.0,3041520.0,3,4,28134.06,8.0,21.0,6.0,0.0,28424.0,144958.0,0.0,0.0,False
225126.0,719.0,1788736.0,7,3,15055.03,19.3,61.0,21.0,0.0,329593.0,529320.0,0.0,0.0,True
391930.0,717.0,1438528.0,8,0,29250.12,14.8,7.0,24.0,0.0,155781.0,784212.0,0.0,0.0,True
323246.0,707.0,1004967.0,1,0,13005.88,15.3,30.0,5.0,0.0,189715.0,241384.0,0.0,0.0,False
174416.0,743.0,2027718.0,1,0,28050.08,20.9,14.0,15.0,0.0,124716.0,465828.0,0.0,0.0,True
76582.0,741.0,1228331.0,10,0,5476.37,15.0,75.0,5.0,1.0,20406.0,74316.0,1.0,0.0,True
158202.0,688.0,1328271.0,5,0,18595.87,9.2,40.0,13.0,1.0,72694.0,252780.0,0.0,1.0,False
155100.0,746.0,1160444.0,6,0,15666.07,31.2,25.0,9.0,0.0,96330.0,290444.0,0.0,0.0,True
246532.0,704.0,1612264.0,3,0,19481.27,14.3,22.0,8.0,0.0,94088.0,178002.0,0.0,0.0,True
152394.0,670.0,1425437.0,0,1,11058.95,11.2,20.0,9.0,0.0,92055.0,304568.0,0.0,0.0,False
323510.0,725.0,3259507.0,0,0,24446.16,14.6,43.0,8.0,0.0,174971.0,512886.0,0.0,0.0,False
219516.0,734.0,663537.0,10,0,10340.18,25.8,44.0,7.0,0.0,181450.0,327250.0,0.0,0.0,False
66880.0,645.0,1347822.0,3,0,775.01,9.4,28.0,4.0,0.0,3116.0,31152.0,0.0,0.0,False
359612.0,691.0,1321621.0,2,0,11564.16,10.5,29.0,10.0,0.0,1748.0,290444.0,0.0,0.0,True
217228.0,701.0,1722825.0,7,0,7077.88,11.2,32.0,6.0,0.0,61655.0,261514.0,0.0,0.0,False
65604.0,715.0,1303267.0,1,2,17485.51,16.4,66.0,14.0,0.0,214434.0,323730.0,0.0,0.0,True
154000.0,734.0,988000.0,1,4,15149.27,15.5,11.0,15.0,0.0,88939.0,145244.0,0.0,0.0,True
130834.0,730.0,625613.0,0,4,9592.91,10.2,6.0,13.0,0.0,50996.0,218724.0,0.0,0.0,True
603020.0,604.0,1303134.0,2,1,13139.83,17.2,6.0,11.0,0.0,135337.0,404954.0,0.0,0.0,False
157322.0,726.0,1854970.0,5,0,20713.8,16.7,21.0,11.0,0.0,40451.0,195206.0,0.0,0.0,True
143594.0,728.0,467970.0,10,0,2378.8,22.6,10.0,18.0,1.0,39558.0,289850.0,1.0,0.0,True
219472.0,730.0,1175169.0,10,0,10380.84,16.2,31.0,13.0,1.0,221977.0,384186.0,1.0,0.0,True
210628.0,694.0,701100.0,10,0,11159.27,14.0,29.0,10.0,0.0,102904.0,236896.0,0.0,0.0,False
780318.0,648.0,767750.1,6,3,62827.49,21.4,18.0,14.0,0.0,101644.3,1627846.0,0.0,0.0,False
416328.0,706.0,904799.0,3,1,4772.8,11.5,18.0,7.0,0.0,166326.0,429880.0,0.0,0.0,True
543246.0,745.0,2158134.0,10,0,48737.66,30.4,31.0,14.0,0.0,319694.0,616968.0,0.0,0.0,True
472714.0,720.0,1670157.0,0,0,25330.8,13.5,20.0,7.0,0.0,346009.0,408386.0,0.0,0.0,True
52558.0,743.0,1172813.0,4,0,22478.9,14.6,27.0,21.0,1.0,82935.0,578468.0,1.0,0.0,True
240152.0,710.0,1093621.0,3,0,13542.63,22.0,17.0,11.0,1.0,49628.0,111364.0,0.0,0.0,True
765006.0,685.0,1519563.0,10,0,14942.17,16.1,32.0,10.0,0.0,289351.0,509190.0,0.0,0.0,False
104280.0,735.0,425467.0,10,4,8417.19,28.9,27.0,4.0,0.0,0.0,0.0,0.0,0.0,True
173404.0,710.0,1684692.0,1,1,6219.27,13.1,61.0,9.0,2.0,1786.0,257378.0,0.0,0.0,True
274362.0,716.0,924673.0,10,0,9554.91,17.6,39.0,6.0,0.0,50388.0,129382.0,0.0,0.0,True
30536.0,747.0,649800.0,2,3,5848.2,9.7,30.0,4.0,0.0,6669.0,94138.0,0.0,0.0,True
55880.0,732.0,1988312.0,2,4,34961.14,15.7,29.0,11.0,0.0,105032.0,140756.0,0.0,0.0,True
176396.0,719.0,761672.0,4,0,1758.07,21.0,25.0,3.0,0.0,703.0,29128.0,0.0,0.0,True
148984.0,686.0,958626.0,6,2,1845.47,22.3,40.0,6.0,0.0,55461.0,133496.0,0.0,0.0,True
216678.0,714.0,785954.0,9,0,14998.6,20.6,33.0,10.0,0.0,80142.0,282062.0,0.0,0.0,True
202400.0,738.0,738036.0,9,2,10953.5,22.5,78.0,11.0,0.0,76497.8,1449712.0,0.0,0.0,True
270468.0,719.0,729961.0,4,5,4124.33,10.6,29.0,17.0,0.0,126331.0,270380.0,0.0,0.0,False
347248.0,739.0,1593207.0,10,0,278.92,24.0,32.0,2.0,0.0,5510.0,708972.0,0.0,0.0,True
153934.0,725.0,1196411.0,10,0,8165.63,15.2,40.0,6.0,0.0,95228.0,171490.0,0.0,0.0,True
778404.0,727.0,2881065.0,10,1,9507.6,42.2,19.0,5.0,2.0,331968.0,427086.0,0.0,2.0,True
439164.0,745.0,1264279.0,10,2,7817.55,16.6,56.0,6.0,0.0,164901.0,285846.0,0.0,0.0,True
75966.0,723.0,412433.0,10,3,5499.17,15.7,60.0,5.0,0.0,63061.0,115016.0,0.0,0.0,False
428054.0,726.0,1658852.0,10,0,30135.52,23.4,18.0,13.0,0.0,528846.0,805706.0,0.0,0.0,True
769626.0,716.0,2848575.0,0,0,23263.41,31.5,10.0,14.0,0.0,371051.0,1053052.0,0.0,0.0,True
337238.0,734.0,1456217.0,3,1,18566.61,9.3,32.0,5.0,0.0,327218.0,669416.0,0.0,0.0,True
336314.0,742.0,2904435.0,10,0,13311.97,31.4,42.0,4.0,1.0,20140.0,62854.0,1.0,0.0,True
224180.0,721.0,1878017.0,8,0,24101.12,20.5,27.0,10.0,1.0,95988.0,500654.0,1.0,0.0,True
92796.0,714.0,476235.0,2,3,9127.79,9.2,22.0,5.0,0.0,22952.0,136994.0,0.0,0.0,True
89606.0,740.0,1119271.0,8,0,15613.82,16.5,5.0,10.0,0.0,69711.0,373692.0,0.0,0.0,True
67408.0,723.0,2522364.0,10,0,34892.55,14.0,19.0,5.0,0.0,75342.6,875908.0,0.0,0.0,False
331826.0,735.0,955225.0,5,1,16278.63,10.6,16.0,4.0,0.0,67203.0,293656.0,0.0,0.0,True
153450.0,722.0,1094248.0,6,0,16413.72,23.0,62.0,16.0,1.0,89889.0,981882.0,0.0,0.0,False
236786.0,707.0,1938380.0,10,1,32306.46,23.1,23.0,13.0,0.0,95932.9,1203466.0,0.0,0.0,False
543906.0,693.0,1691019.0,5,4,38752.59,20.4,71.0,11.0,6.0,116014.0,681934.0,2.0,4.0,False
697884.0,686.0,1374935.0,2,4,16040.94,11.2,41.0,5.0,0.0,306869.0,422994.0,0.0,0.0,True
261778.0,715.0,1030199.0,2,3,14680.35,15.7,32.0,8.0,0.0,9538.0,37576.0,0.0,0.0,True
98582.0,742.0,793250.0,10,1,5030.63,16.9,16.0,4.0,0.0,40128.0,94050.0,0.0,0.0,False
262372.0,723.0,2530211.0,10,0,35633.93,19.7,9.0,12.0,0.0,91276.0,205634.0,0.0,0.0,False
175890.0,743.0,3740758.0,2,0,48629.74,18.5,2.0,16.0,0.0,322088.0,800294.0,0.0,0.0,True
208296.0,707.0,787075.0,5,2,3410.69,19.8,3.0,8.0,0.0,104367.0,164868.0,0.0,0.0,True
265870.0,703.0,765396.0,1,0,11225.96,19.6,34.0,13.0,0.0,208563.0,316932.0,0.0,0.0,False
136422.0,713.0,1158810.0,0,2,11395.06,10.3,38.0,4.0,0.0,41382.0,96228.0,0.0,0.0,True
79376.0,731.0,906471.0,10,0,6458.67,16.1,47.0,6.0,0.0,435271.0,562496.0,0.0,0.0,True
563706.0,728.0,1849954.0,1,0,23278.61,25.5,48.0,11.0,0.0,571634.0,946924.0,0.0,0.0,True
218130.0,740.0,626373.0,4,3,6211.48,17.0,27.0,6.0,0.0,90421.0,132198.0,0.0,0.0,True
301510.0,726.0,3452832.0,10,1,43505.63,21.5,13.0,9.0,0.0,0.0,0.0,0.0,0.0,True
431222.0,748.0,854430.0,5,3,833.15,14.5,16.0,11.0,0.0,6175.0,649132.0,0.0,0.0,True
108482.0,727.0,1124116.0,10,0,17330.09,12.5,17.0,11.0,0.0,9937.0,126346.0,0.0,0.0,True
436832.0,706.0,949943.0,6,0,752.02,13.0,43.0,6.0,0.0,27322.0,250998.0,0.0,0.0,True
155386.0,691.0,421762.0,3,0,7310.44,14.0,47.0,9.0,0.0,87419.0,326524.0,0.0,0.0,True
276628.0,646.0,2230980.0,10,0,37926.66,15.8,70.0,24.0,1.0,55062.0,574442.0,1.0,0.0,True
221320.0,660.0,764560.0,8,3,23956.15,13.8,8.0,10.0,1.0,67108.0,301202.0,1.0,0.0,True
54692.0,731.0,753939.0,5,2,7979.24,16.2,13.0,5.0,0.0,42655.0,148742.0,0.0,0.0,False
119944.0,728.0,1112697.0,10,0,12425.05,14.0,45.0,16.0,0.0,101517.0,833712.0,0.0,0.0,True
655842.0,662.0,2265636.0,10,1,14669.9,18.2,14.0,15.0,0.0,541842.0,1272612.0,0.0,0.0,False
177386.0,738.0,1972466.0,10,0,16601.63,25.2,68.0,7.0,1.0,124146.0,221848.0,1.0,0.0,True
768856.0,693.0,1328005.0,3,0,11509.44,12.1,28.0,10.0,0.0,8531.0,120560.0,0.0,0.0,False
784014.0,706.0,1257477.0,10,4,31646.4,16.9,23.0,16.0,0.0,69825.0,594440.0,0.0,0.0,False
273174.0,640.0,1217102.0,4,0,15213.68,13.5,70.0,11.0,1.0,131290.0,355190.0,0.0,0.0,False
258676.0,739.0,1675458.0,5,0,21781.03,19.8,36.0,7.0,0.0,124070.0,173712.0,0.0,0.0,True
173294.0,738.0,906433.0,5,0,9593.1,14.5,70.0,10.0,1.0,34903.0,137918.0,1.0,0.0,True
463672.0,720.0,2319634.0,10,0,25902.51,22.5,16.0,15.0,0.0,79214.8,1511048.0,0.0,0.0,True
21956.0,742.0,1100233.0,8,4,13019.37,18.4,28.0,11.0,0.0,151696.0,355564.0,0.0,0.0,True
522148.0,652.0,1878910.0,10,0,19572.09,21.1,38.0,14.0,0.0,226290.0,591470.0,0.0,0.0,False
178596.0,741.0,1156872.0,10,0,19474.05,19.0,81.0,19.0,0.0,628311.0,981816.0,0.0,0.0,True
441320.0,736.0,1333990.0,5,1,20565.79,34.2,39.0,22.0,0.0,110542.0,1084776.0,0.0,0.0,True
149974.0,691.0,977645.0,4,0,4774.32,9.8,21.0,3.0,0.0,32718.0,51260.0,0.0,0.0,True
213246.0,742.0,460427.0,5,3,9899.19,8.5,20.0,5.0,0.0,16511.0,71104.0,0.0,0.0,True
87648.0,672.0,1349950.0,7,1,20249.25,16.9,9.0,5.0,0.0,9728.0,64680.0,0.0,0.0,False
332816.0,743.0,1667060.0,1,0,9002.01,18.6,29.0,15.0,0.0,240749.0,1171258.0,0.0,0.0,True
507430.0,655.0,1630637.0,0,1,3274.84,14.0,21.0,6.0,0.0,18411.0,147972.0,0.0,0.0,False
32714.0,744.0,1299334.0,9,0,26419.69,16.1,64.0,21.0,0.0,126559.0,970508.0,0.0,0.0,True
648714.0,743.0,2184981.0,10,0,11343.76,20.2,28.0,18.0,0.0,135223.0,1294040.0,0.0,0.0,True
753060.0,678.0,2136930.0,7,0,34903.19,28.4,4.0,8.0,0.0,532494.0,983356.0,0.0,0.0,True
87516.0,724.0,2834325.0,6,0,37082.49,15.7,32.0,9.0,0.0,71896.0,297308.0,0.0,0.0,True
462000.0,712.0,1425000.0,3,0,14487.5,16.0,47.0,22.0,0.0,121657.0,833536.0,0.0,0.0,True
661716.0,705.0,1904940.0,7,0,41273.7,16.2,7.0,14.0,0.0,152266.0,330154.0,0.0,0.0,True
404470.0,692.0,1455495.0,8,4,715.73,18.2,24.0,3.0,0.0,3439.0,104676.0,0.0,0.0,True
108922.0,738.0,1034664.0,3,0,2862.54,20.1,33.0,9.0,0.0,145369.0,524414.0,0.0,0.0,True
131692.0,731.0,3867089.0,10,4,48660.9,13.8,3.0,19.0,0.0,265278.0,1133418.0,0.0,0.0,False
392150.0,711.0,1091303.0,3,0,7411.9,28.8,72.0,9.0,1.0,30666.0,265012.0,1.0,0.0,True
334928.0,705.0,2738204.0,7,4,29207.56,30.8,46.0,14.0,0.0,338561.0,632280.0,0.0,0.0,True
756382.0,657.0,2631576.0,10,0,30043.94,15.2,32.0,12.0,0.0,214914.7,454104.2,0.0,0.0,False
544896.0,663.0,941165.0,8,0,13960.63,12.6,16.0,13.0,0.0,122398.0,464640.0,0.0,0.0,True
379698.0,644.0,738188.0,1,0,4712.0,10.2,11.0,12.0,0.0,43339.0,120648.0,0.0,0.0,False
131670.0,708.0,600077.0,7,0,3790.31,22.3,47.0,6.0,0.0,103911.0,187990.0,0.0,0.0,False
448096.0,683.0,1760730.0,10,4,13235.02,19.5,21.0,7.0,0.0,155572.0,226314.0,0.0,0.0,False
660528.0,691.0,1901520.0,8,0,29315.1,22.8,20.0,8.0,0.0,39881.0,90354.0,0.0,0.0,True
124982.0,745.0,1115433.0,8,4,1635.9,20.7,36.0,4.0,0.0,80845.0,490072.0,0.0,0.0,True
66418.0,742.0,1529424.0,8,0,10884.34,22.9,60.0,10.0,1.0,86678.0,290070.0,1.0,0.0,True
111474.0,705.0,1578881.0,7,3,21314.77,17.6,15.0,15.0,1.0,40869.0,487960.0,1.0,0.0,True
647064.0,670.0,1955898.0,10,3,6796.87,16.0,74.0,5.0,0.0,361171.0,705210.0,0.0,0.0,True
773168.0,664.0,1452645.0,10,2,28568.78,16.2,12.0,10.0,0.0,77884.8,1250810.0,0.0,0.0,False
667062.0,726.0,2976521.0,10,0,22670.99,17.8,56.0,7.0,0.0,276583.0,825396.0,0.0,0.0,True
218504.0,735.0,1094514.0,10,0,10580.34,14.5,24.0,17.0,0.0,126882.0,992706.0,0.0,0.0,True
218922.0,685.0,623922.0,10,0,7279.09,16.3,10.0,7.0,0.0,8037.0,145376.0,0.0,0.0,False
152108.0,697.0,591945.0,5,0,10433.09,11.2,35.0,7.0,0.0,77273.0,128194.0,0.0,0.0,True
337700.0,707.0,845766.0,5,0,13884.63,10.4,20.0,12.0,0.0,161215.0,455290.0,0.0,0.0,True
156288.0,606.0,2272761.0,5,6,27651.84,21.5,31.0,12.0,5.0,112138.0,178596.0,0.0,0.0,False
179520.0,732.0,542640.0,3,0,10807.58,15.2,19.0,6.0,0.0,24358.0,89826.0,0.0,0.0,True
215622.0,731.0,1512970.0,9,2,11662.58,17.3,73.0,9.0,0.0,38266.0,351692.0,0.0,0.0,True
44550.0,704.0,1000540.0,9,0,18426.77,15.9,34.0,8.0,0.0,340233.0,459140.0,0.0,0.0,False
225214.0,697.0,849794.0,4,7,8993.46,16.5,7.0,15.0,1.0,173660.0,349690.0,0.0,1.0,False
123244.0,730.0,560196.0,0,2,6348.85,15.8,59.0,12.0,0.0,50179.0,229636.0,0.0,0.0,False
106546.0,701.0,1338322.0,10,0,25093.49,17.9,2.0,15.0,1.0,68514.0,346434.0,1.0,0.0,True
475860.0,720.0,1647794.0,2,1,15104.81,12.5,81.0,9.0,0.0,128953.0,572088.0,0.0,0.0,False
586212.0,706.0,1931369.0,8,0,35891.19,15.7,31.0,9.0,1.0,124849.0,368764.0,1.0,0.0,True
439692.0,742.0,1993613.0,0,0,40370.44,17.4,43.0,6.0,0.0,187416.0,250580.0,0.0,0.0,True
172458.0,718.0,670244.0,2,2,12343.73,17.7,8.0,13.0,0.0,139194.0,426360.0,0.0,0.0,True
349294.0,745.0,1771009.0,8,0,16234.36,14.4,16.0,10.0,0.0,172558.0,356180.0,0.0,0.0,True
543136.0,725.0,1629060.0,10,2,35431.77,13.0,29.0,7.0,0.0,441693.0,860992.0,0.0,0.0,False
144100.0,735.0,1299030.0,2,1,5932.18,17.2,77.0,4.0,0.0,33668.0,229262.0,0.0,0.0,True
296098.0,648.0,789697.0,8,0,15070.04,12.3,49.0,8.0,0.0,53599.0,152504.0,0.0,0.0,False
221210.0,738.0,809457.0,10,0,14637.6,17.1,79.0,5.0,0.0,55442.0,168058.0,0.0,0.0,False
449152.0,712.0,969760.0,2,0,21981.1,21.5,79.0,10.0,0.0,296799.0,446908.0,0.0,0.0,True
111298.0,732.0,1153338.0,6,1,5439.89,14.6,13.0,8.0,0.0,50236.0,293722.0,0.0,0.0,True
95590.0,690.0,1305566.0,3,0,19692.36,17.7,48.0,13.0,2.0,100985.0,200244.0,2.0,0.0,True
444092.0,611.0,1438262.0,8,1,36555.62,16.8,69.0,14.0,0.0,449863.0,1137334.0,0.0,0.0,False
465982.0,610.0,2269968.0,1,0,26672.2,13.5,5.0,14.0,0.0,96447.8,327494.2,0.0,0.0,False
107140.0,722.0,809571.0,2,0,10659.38,8.0,23.0,6.0,0.0,81700.0,156112.0,0.0,0.0,True
215336.0,745.0,1301804.0,10,0,7615.58,20.5,61.0,10.0,1.0,64220.0,594836.0,0.0,0.0,True
364914.0,720.0,1400699.0,1,1,20310.24,17.7,38.0,14.0,0.0,457957.0,845702.0,0.0,0.0,False
115918.0,739.0,2695112.0,10,0,9432.93,22.4,15.0,10.0,0.0,238982.0,404558.0,0.0,0.0,True
442156.0,718.0,1575176.0,0,2,23496.54,15.7,107.0,11.0,0.0,3021.0,158774.0,0.0,0.0,True
265012.0,747.0,4291245.0,10,0,51852.52,15.7,17.0,11.0,0.0,48754.0,161282.0,0.0,0.0,True
301818.0,724.0,651643.0,1,0,14770.22,13.6,2.0,12.0,0.0,127680.0,1173370.0,0.0,0.0,True
353056.0,664.0,1152426.0,1,1,5800.51,16.3,3.0,9.0,0.0,190836.0,736582.0,0.0,0.0,False
109054.0,743.0,998241.0,10,0,20796.64,29.1,7.0,12.0,0.0,641972.0,854420.6,0.0,0.0,True
537680.0,657.0,928720.0,2,0,5015.05,20.9,76.0,9.0,3.0,35207.0,199782.0,3.0,0.0,True
197780.0,702.0,1909310.0,4,1,7255.34,18.7,16.0,9.0,0.0,49039.0,350548.0,0.0,0.0,True
132836.0,694.0,803035.0,4,5,16461.98,13.5,23.0,9.0,0.0,106780.0,128414.0,0.0,0.0,True
45034.0,731.0,1049902.0,6,0,27647.47,19.3,7.0,6.0,0.0,430559.0,991144.0,0.0,0.0,True
260128.0,732.0,1310449.0,10,0,3691.13,15.1,31.0,13.0,0.0,89129.0,1063920.0,0.0,0.0,True
110902.0,683.0,2106929.0,10,0,5899.31,19.0,25.0,5.0,1.0,148694.0,261668.0,1.0,0.0,False
161348.0,745.0,1021915.0,4,0,5850.48,14.7,23.0,8.0,0.0,0.0,0.0,0.0,0.0,True
65890.0,740.0,1062195.0,10,0,12126.56,21.3,24.0,10.0,0.0,167675.0,302896.0,0.0,0.0,True
219208.0,743.0,984447.0,4,0,14848.69,21.3,58.0,8.0,1.0,122512.0,247544.0,1.0,0.0,True
393272.0,616.0,1777754.0,2,0,18814.56,16.5,17.0,10.0,0.0,616018.0,870914.0,0.0,0.0,False
219626.0,727.0,531088.0,3,0,13144.58,16.8,9.0,14.0,1.0,148105.0,441980.0,1.0,0.0,False
60280.0,719.0,818026.0,3,0,12952.11,22.9,15.0,9.0,0.0,49913.0,124828.0,0.0,0.0,True
79134.0,637.0,2847720.0,10,1,10156.83,28.0,37.0,8.0,0.0,104747.0,127512.0,0.0,0.0,False
330506.0,716.0,2283420.0,5,1,22073.06,22.6,41.0,13.0,0.0,231135.0,649594.0,0.0,0.0,False
134134.0,735.0,1044943.0,2,0,9360.92,16.6,15.0,7.0,0.0,250173.0,366674.0,0.0,0.0,True
764390.0,702.0,2829195.0,10,1,42673.62,14.8,9.0,17.0,0.0,180994.0,185460.0,0.0,0.0,False
307604.0,736.0,2884238.0,3,3,1153.68,26.4,4.0,20.0,0.0,34808.0,309966.8,0.0,0.0,True
265452.0,691.0,1528360.0,10,0,7183.33,17.7,70.0,6.0,1.0,142747.0,170390.0,1.0,0.0,False
85250.0,737.0,849623.0,0,4,14139.04,24.7,58.0,13.0,1.0,323342.0,465674.0,0.0,0.0,True
261316.0,724.0,693728.0,5,1,8931.71,14.3,53.0,7.0,0.0,100016.0,224422.0,0.0,0.0,True
629926.0,728.0,3108704.0,4,0,60101.56,25.5,54.0,25.0,0.0,288591.0,1427998.0,0.0,0.0,True
110506.0,741.0,954275.0,6,0,22902.6,14.2,27.0,27.0,0.0,264518.0,417868.0,0.0,0.0,True
107800.0,732.0,949620.0,10,4,1210.87,17.1,15.0,7.0,1.0,19855.0,58190.0,0.0,0.0,False
663432.0,726.0,1772377.0,0,0,24960.87,29.7,43.0,20.0,0.0,273809.0,946374.0,0.0,0.0,False
661914.0,679.0,2080823.0,0,1,25663.49,19.6,66.0,10.0,0.0,102315.0,243738.0,0.0,0.0,False
267454.0,743.0,1020186.0,2,0,17173.34,14.0,72.0,12.0,0.0,153672.0,343486.0,0.0,0.0,True
215402.0,692.0,1190578.0,3,1,13394.05,9.0,31.0,9.0,0.0,32566.0,369776.0,0.0,0.0,True
344036.0,700.0,3157002.0,2,1,10760.27,16.0,9.0,9.0,0.0,91162.0,290774.0,0.0,0.0,False
760760.0,676.0,1689480.0,4,2,11094.29,8.0,9.0,15.0,0.0,289807.0,916828.0,0.0,0.0,False
47498.0,714.0,950969.0,10,2,13868.48,21.7,17.0,4.0,0.0,211432.0,287012.0,0.0,0.0,True
332486.0,746.0,1914250.0,3,0,13367.83,32.8,22.0,12.0,0.0,379126.0,1310364.0,0.0,0.0,True
758230.0,646.0,4303139.0,2,0,33779.72,28.0,9.0,11.0,1.0,153881.0,984434.0,0.0,1.0,False
55880.0,640.0,1679125.0,0,4,7360.22,17.0,33.0,5.0,0.0,0.0,0.0,0.0,0.0,True
47520.0,702.0,746016.0,0,0,19893.76,8.8,28.0,7.0,0.0,32908.0,90706.0,0.0,0.0,True
66770.0,726.0,968715.0,4,0,8016.1,38.3,12.0,10.0,0.0,150936.0,753324.0,0.0,0.0,False
134112.0,703.0,2104136.0,10,0,61545.94,24.4,41.0,14.0,3.0,161644.4,246923.6,0.0,3.0,False
182160.0,724.0,1058262.0,10,0,13051.86,18.9,77.0,7.0,1.0,39672.0,52800.0,1.0,0.0,True
328658.0,716.0,1702989.0,9,0,41581.31,12.5,19.0,16.0,0.0,138966.0,317988.0,0.0,0.0,True
66374.0,715.0,1050757.0,10,0,21365.12,18.8,58.0,8.0,0.0,139935.0,265628.0,0.0,0.0,True
223432.0,746.0,1591953.0,2,0,10891.75,24.9,64.0,16.0,0.0,137883.0,355586.0,0.0,0.0,True
259864.0,743.0,935085.0,10,0,20026.38,17.5,32.0,10.0,0.0,191197.0,383042.0,0.0,0.0,True
353518.0,715.0,763268.0,3,2,3549.2,10.8,35.0,7.0,0.0,97166.0,148038.0,0.0,0.0,True
67034.0,692.0,1157898.0,10,1,23621.18,17.7,53.0,8.0,0.0,415796.0,502568.0,0.0,0.0,False
209440.0,686.0,761596.0,2,1,14724.05,23.5,23.0,8.0,0.0,149226.0,204996.0,0.0,0.0,True
142362.0,713.0,1253658.0,4,0,12954.39,16.0,43.0,7.0,0.0,530613.0,758516.0,0.0,0.0,True
779020.0,671.0,2960238.0,10,0,54024.22,26.7,8.0,14.0,0.0,622212.0,749694.0,0.0,0.0,False
328328.0,721.0,1304312.0,10,0,25434.16,24.7,28.0,12.0,0.0,345116.0,591118.0,0.0,0.0,True
772310.0,670.0,4192540.0,10,0,29347.78,19.9,21.0,5.0,0.0,46037.0,207438.0,0.0,0.0,False
157762.0,739.0,1513920.0,10,0,21699.52,13.7,54.0,6.0,0.0,58178.0,175406.0,0.0,0.0,True
270468.0,704.0,572052.0,2,1,9705.77,14.2,59.0,10.0,0.0,180272.0,342188.0,0.0,0.0,True
70400.0,699.0,912095.0,3,5,4750.57,9.9,20.0,4.0,0.0,32870.0,92378.0,0.0,0.0,False
232826.0,739.0,1945923.0,10,1,21891.61,16.8,45.0,8.0,0.0,83866.0,161832.0,0.0,0.0,True
55924.0,737.0,927314.0,0,2,17078.15,14.2,49.0,8.0,0.0,140087.0,308946.0,0.0,0.0,True
646536.0,703.0,1582054.0,10,0,6908.4,25.5,18.0,11.0,0.0,2090.0,241384.0,0.0,0.0,True
125422.0,692.0,1786399.0,2,0,20097.06,17.0,25.0,8.0,3.0,37639.0,223498.0,3.0,0.0,False
115720.0,708.0,452542.0,6,3,6825.75,18.9,16.0,7.0,0.0,100738.0,194414.0,0.0,0.0,False
198836.0,730.0,752780.0,10,3,5721.09,18.7,47.0,9.0,1.0,52478.0,215446.0,1.0,0.0,False
158444.0,737.0,646190.0,3,2,8508.2,15.0,78.0,6.0,0.0,171589.0,330022.0,0.0,0.0,True
216348.0,738.0,1494768.0,10,0,14698.59,19.0,70.0,16.0,0.0,154698.0,408936.0,0.0,0.0,True
569624.0,684.0,1229870.0,6,0,24802.22,27.3,44.0,11.0,0.0,110789.0,253506.0,0.0,0.0,True
214896.0,715.0,1484736.0,10,0,15589.69,22.5,7.0,11.0,0.0,53656.0,212762.0,0.0,0.0,True
92312.0,714.0,1283108.0,4,2,18605.18,18.6,66.0,8.0,0.0,117610.0,340450.0,0.0,0.0,True
340868.0,721.0,811452.0,4,0,9602.03,14.5,73.0,7.0,1.0,35815.0,203302.0,1.0,0.0,False
773014.0,628.0,1907410.0,0,2,6882.56,16.9,39.0,12.0,1.0,41515.0,476036.0,0.0,1.0,False
324368.0,705.0,4855526.0,5,8,57861.65,21.9,24.0,13.0,0.0,87166.3,263522.6,0.0,0.0,False
312246.0,739.0,3948751.0,7,0,60218.41,25.9,20.0,12.0,0.0,154774.0,378862.0,0.0,0.0,True
80806.0,732.0,872442.0,6,0,4616.81,13.5,26.0,9.0,0.0,66785.0,556380.0,0.0,0.0,True
227700.0,707.0,686109.0,10,0,10280.14,24.7,16.0,6.0,0.0,139574.0,336006.0,0.0,0.0,True
307714.0,737.0,801078.0,1,0,14352.657000000001,28.7,75.0,13.0,0.0,124356.9,1482932.0,0.0,0.0,False
326964.0,699.0,1223638.0,1,0,19170.24,20.4,76.0,14.0,0.0,458090.0,566698.0,0.0,0.0,False
368720.0,707.0,2517025.0,2,0,20429.94,16.5,28.0,7.0,0.0,6707.0,44154.0,0.0,0.0,True
112706.0,741.0,973370.0,1,0,14438.48,15.5,19.0,14.0,0.0,579500.0,1018204.0,0.0,0.0,True
123486.0,738.0,969475.0,2,0,17854.49,18.5,26.0,6.0,0.0,64961.0,112266.0,0.0,0.0,True
267696.0,701.0,2446782.0,3,0,24059.89,19.7,75.0,13.0,0.0,543647.0,740586.0,0.0,0.0,True
147994.0,718.0,595232.0,2,0,5009.92,20.3,21.0,4.0,0.0,114608.0,389136.0,0.0,0.0,True
699270.0,607.0,3104277.0,6,0,42683.88,15.4,17.0,9.0,0.0,156066.0,206998.0,0.0,0.0,False
215116.0,675.0,668819.0,3,3,2396.66,14.1,46.0,3.0,0.0,58463.0,90398.0,0.0,0.0,False
258104.0,622.0,873088.0,3,1,8046.88,10.5,21.0,7.0,0.0,52440.0,122672.0,0.0,0.0,False
222904.0,691.0,481270.0,2,0,7259.14,26.0,52.0,10.0,1.0,127889.0,334246.0,1.0,0.0,False
461340.0,662.0,1128942.0,10,0,14958.51,20.0,33.0,17.0,0.0,367631.0,605528.0,0.0,0.0,False
109472.0,726.0,578341.0,0,0,15856.07,18.0,1.0,10.0,0.0,256690.0,669416.0,0.0,0.0,True
108658.0,700.0,882018.0,8,0,13891.66,16.0,7.0,8.0,0.0,341297.0,717222.0,0.0,0.0,False
613118.0,621.0,1724972.0,8,7,47293.28,28.6,25.0,12.0,0.0,80343.4,1366090.0,0.0,0.0,False
322080.0,739.0,1352211.0,10,0,18254.82,15.7,12.0,11.0,0.0,126806.0,270886.0,0.0,0.0,True
207724.0,674.0,1121190.0,10,6,26815.08,13.8,42.0,14.0,0.0,71478.0,207944.0,0.0,0.0,False
132594.0,729.0,668002.0,4,2,534.47,13.4,28.0,3.0,0.0,31008.0,150260.0,0.0,0.0,True
531322.0,621.0,1873723.0,6,0,22843.89,12.7,20.0,8.0,0.0,137104.0,254408.0,0.0,0.0,True
88968.0,734.0,1440827.0,2,0,21252.07,13.3,5.0,8.0,0.0,68153.0,153560.0,0.0,0.0,True
35398.0,611.0,802541.0,4,1,9764.29,17.5,34.0,4.0,0.0,4104.0,6644.0,0.0,0.0,False
758846.0,724.0,1722654.0,10,0,24834.9,23.4,62.0,11.0,1.0,93670.0,331716.0,1.0,0.0,True
403766.0,670.0,1714959.0,10,0,21436.94,21.0,52.0,8.0,0.0,107236.0,149974.0,0.0,0.0,False
483824.0,742.0,956175.0,3,0,6231.05,24.8,23.0,10.0,0.0,589.0,343222.0,0.0,0.0,True
531520.0,679.0,1452645.0,2,3,26268.64,8.9,3.0,13.0,0.0,123386.0,998998.0,0.0,0.0,True
89012.0,722.0,922393.0,7,2,14258.74,22.4,59.0,5.0,0.0,71079.0,93434.0,0.0,0.0,True
132902.0,715.0,1912920.0,0,1,3953.52,15.4,37.0,9.0,0.0,79344.0,168278.0,0.0,0.0,False
664950.0,722.0,2488525.0,10,3,27166.39,13.7,44.0,10.0,0.0,226898.0,356972.0,0.0,0.0,False
536756.0,715.0,1882026.0,10,0,27603.01,14.5,28.0,26.0,0.0,297255.0,764830.0,0.0,0.0,True
165704.0,702.0,1335719.0,0,5,26937.06,18.4,20.0,13.0,0.0,163096.0,342738.0,0.0,0.0,False
67320.0,746.0,2345208.0,6,0,32637.63,22.5,51.0,10.0,0.0,241376.0,363462.0,0.0,0.0,True
269632.0,735.0,2018085.0,3,5,14715.12,25.1,22.0,14.0,0.0,100890.0,934516.0,0.0,0.0,True
185086.0,715.0,1860119.0,5,0,6789.46,10.1,50.0,8.0,0.0,193477.0,383614.0,0.0,0.0,True
553520.0,690.0,4780400.0,2,1,29319.66,18.6,62.0,24.0,0.0,134862.0,709808.0,0.0,0.0,True
640926.0,713.0,1453690.0,5,0,6129.78,21.6,62.0,5.0,0.0,19798.0,56166.0,0.0,0.0,True
442420.0,686.0,1510329.0,3,2,38261.63,12.5,21.0,12.0,0.0,174952.0,238898.0,0.0,0.0,True
77022.0,736.0,836247.0,10,2,494.76,18.8,33.0,6.0,1.0,49533.0,189288.0,1.0,0.0,False
533764.0,672.0,1599344.0,2,0,33186.16,17.5,47.0,21.0,0.0,90259.5,1311288.0,0.0,0.0,True
319880.0,700.0,845690.0,5,0,9936.81,8.9,40.0,5.0,0.0,181507.0,319880.0,0.0,0.0,True
221364.0,712.0,3058848.0,0,0,45220.0,18.6,24.0,17.0,0.0,204601.5,412728.8,0.0,0.0,True
439912.0,725.0,2374525.0,10,0,26911.41,17.5,78.0,9.0,0.0,189359.7,252601.8,0.0,0.0,False
327602.0,714.0,1010971.0,10,0,22409.74,25.4,18.0,11.0,0.0,65854.0,224906.0,0.0,0.0,False
224884.0,732.0,2719052.0,10,0,21367.21,15.9,73.0,12.0,0.0,99199.0,261074.0,0.0,0.0,True
99110.0,725.0,2624888.0,1,2,2690.59,22.6,54.0,5.0,0.0,35131.0,74910.0,0.0,0.0,True
552376.0,669.0,2480621.0,0,0,6139.47,21.9,18.0,12.0,0.0,180500.0,725670.0,0.0,0.0,False
652542.0,595.0,4658762.0,2,0,8152.8240000000005,24.4,53.0,31.0,0.0,470991.0,918104.0,0.0,0.0,False
153164.0,714.0,2494206.0,10,1,1351.09,21.7,46.0,4.0,0.0,65911.0,412500.0,0.0,0.0,True
258478.0,656.0,1515896.0,10,0,10194.45,16.0,38.0,7.0,0.0,0.0,0.0,0.0,0.0,False
465190.0,691.0,2678354.0,2,1,45085.67,23.3,6.0,13.0,0.0,160158.6,253688.6,0.0,0.0,True
178948.0,722.0,1158753.0,10,0,17188.16,24.4,65.0,7.0,0.0,141607.0,219230.0,0.0,0.0,True
177540.0,725.0,1820713.0,7,0,6554.62,13.4,42.0,13.0,0.0,148029.0,310530.0,0.0,0.0,True
655974.0,717.0,1548500.0,10,0,33163.74,14.1,37.0,13.0,0.0,165927.0,594836.0,0.0,0.0,False
109692.0,727.0,795758.0,8,0,12533.35,17.0,24.0,10.0,1.0,85025.0,289586.0,1.0,0.0,True
217712.0,726.0,1707264.0,9,0,24186.05,17.5,10.0,13.0,0.0,470364.0,1057540.0,0.0,0.0,True
240724.0,728.0,1104432.0,6,2,14964.97,20.2,53.0,12.0,0.0,263929.0,731104.0,0.0,0.0,True
172436.0,731.0,1210053.0,5,1,22587.58,19.3,50.0,17.0,0.0,125533.0,353650.0,0.0,0.0,True
461582.0,737.0,3511846.0,0,1,61749.81,25.5,16.0,19.0,0.0,505020.0,1382414.0,0.0,0.0,True
187484.0,692.0,979013.0,4,3,17785.33,22.3,23.0,14.0,1.0,134140.0,341374.0,1.0,0.0,True
215732.0,724.0,988399.0,5,0,4736.13,21.0,55.0,9.0,1.0,106894.0,276276.0,1.0,0.0,True
333036.0,692.0,1533984.0,1,0,16106.87,18.0,41.0,22.0,2.0,229406.0,772178.0,2.0,0.0,True
162382.0,706.0,1308853.0,1,0,10023.64,16.6,31.0,11.0,0.0,97907.0,439384.0,0.0,0.0,False
98296.0,722.0,1043442.0,8,3,9477.77,23.2,78.0,10.0,0.0,40166.0,134024.0,0.0,0.0,False
233684.0,720.0,1660638.0,5,2,13382.08,16.7,26.0,5.0,0.0,129827.0,158070.0,0.0,0.0,True
166804.0,722.0,1247616.0,0,0,7028.29,20.2,37.0,8.0,0.0,181754.0,251438.0,0.0,0.0,True
394900.0,702.0,1231542.0,10,0,26580.81,33.8,39.0,18.0,0.0,675051.0,1494526.0,0.0,0.0,False
426272.0,662.0,2219523.0,5,0,27559.12,15.0,0.0,12.0,0.0,94487.0,308220.0,0.0,0.0,False
238106.0,721.0,592800.0,4,1,5384.6,9.0,23.0,24.0,0.0,71535.0,374836.0,0.0,0.0,True
75570.0,642.0,805524.0,10,1,8780.28,16.0,20.0,4.0,0.0,12521.0,15114.0,0.0,0.0,False
354288.0,670.0,3824700.0,5,1,61832.65,11.9,36.0,6.0,0.0,0.0,0.0,0.0,0.0,False
386100.0,668.0,1549887.0,10,0,11740.48,24.7,2.0,16.0,2.0,64961.0,378004.0,1.0,1.0,False
330484.0,700.0,2042766.0,4,0,26385.49,22.0,49.0,10.0,0.0,216714.0,347072.0,0.0,0.0,False
676500.0,694.0,2921250.0,6,0,2142.25,12.5,12.0,8.0,0.0,84797.0,1128534.0,0.0,0.0,True
647944.0,747.0,1131659.0,10,1,292.22,39.2,53.0,12.0,0.0,9595.0,1233848.0,0.0,0.0,True
178706.0,730.0,1157556.0,8,0,16302.19,28.4,32.0,17.0,0.0,179797.0,473132.0,0.0,0.0,True
86922.0,725.0,375364.0,1,4,2590.08,12.8,24.0,6.0,0.0,13870.0,99748.0,0.0,0.0,True
541486.0,642.0,1089403.0,7,4,3985.44,31.9,29.0,13.0,0.0,30400.0,246136.0,0.0,0.0,False
107624.0,735.0,1635710.0,10,0,30574.42,28.1,56.0,9.0,0.0,305634.0,475662.0,0.0,0.0,True
88924.0,723.0,1135706.0,5,0,8337.96,16.8,81.0,6.0,0.0,75753.0,271590.0,0.0,0.0,True
33330.0,714.0,686679.0,2,5,7668.02,20.6,59.0,9.0,1.0,198892.0,324346.0,0.0,0.0,True
396242.0,720.0,1687599.0,6,0,8564.63,14.1,16.0,6.0,1.0,8626.0,34804.0,0.0,0.0,True
369512.0,690.0,1216418.0,1,0,11900.65,16.2,72.0,6.0,1.0,365085.0,695266.0,1.0,0.0,True
270512.0,730.0,1168386.0,10,0,25607.25,18.6,15.0,16.0,1.0,342513.0,816024.0,0.0,1.0,True
551430.0,688.0,1523952.0,10,0,21335.29,23.4,33.0,17.0,0.0,100491.0,445808.0,0.0,0.0,False
449108.0,715.0,1260574.0,2,0,15977.67,16.2,16.0,21.0,0.0,259711.0,922460.0,0.0,0.0,True
415206.0,704.0,2349825.0,0,0,33093.44,20.3,6.0,20.0,0.0,210729.0,829950.0,0.0,0.0,True
243738.0,665.0,1103957.0,10,1,3403.85,14.5,19.0,4.0,0.0,2812.0,37114.0,0.0,0.0,False
779790.0,693.0,1654748.0,4,0,10204.33,7.6,68.0,15.0,0.0,104956.0,636306.0,0.0,0.0,False
547756.0,704.0,1129607.0,5,0,18544.19,14.9,12.0,7.0,0.0,173071.0,222420.0,0.0,0.0,True
462242.0,734.0,2053026.0,8,1,1197.57,24.0,44.0,7.0,0.0,33972.0,1356344.0,0.0,0.0,False
257598.0,727.0,724546.0,6,0,670.32,10.8,25.0,5.0,0.0,38380.0,137588.0,0.0,0.0,True
